test_dimension,varied_axis_value_a,varied_axis_value_b,file_name,hash_a,hash_b,identical
same_process_same_seed,call_1,call_2,dim_company.csv,159ac136bd7c5afff19061ad7db5f7b10d28ea2126dcd33643e8ab34b686c647,159ac136bd7c5afff19061ad7db5f7b10d28ea2126dcd33643e8ab34b686c647,True
same_process_same_seed,call_1,call_2,dim_date.csv,10f2a3658840432594e0062daf0f206f70a6409882d56819874d6c9dfe6b1ccc,10f2a3658840432594e0062daf0f206f70a6409882d56819874d6c9dfe6b1ccc,True
same_process_same_seed,call_1,call_2,dim_plan.csv,8d34fbe18dc6d465caf5dffc2d7b0dc523f838450055ddad9d9610f624316674,8d34fbe18dc6d465caf5dffc2d7b0dc523f838450055ddad9d9610f624316674,True
same_process_same_seed,call_1,call_2,dim_user.csv,864bb8c52a2d4fadf99f1bd8605e5a8b7495d4490385e3992fb59bf8f45d639a,864bb8c52a2d4fadf99f1bd8605e5a8b7495d4490385e3992fb59bf8f45d639a,True
same_process_same_seed,call_1,call_2,evt_churn.csv,5246927b8f02e2ed4f8ba6e889427982fa03dd029a529afff6878d8be6a48882,5246927b8f02e2ed4f8ba6e889427982fa03dd029a529afff6878d8be6a48882,True
same_process_same_seed,call_1,call_2,evt_login.csv,15d373c9bb4307bcbb737b9099d7b84e974d16bad9cfa5b2f42ec5650ae5647b,15d373c9bb4307bcbb737b9099d7b84e974d16bad9cfa5b2f42ec5650ae5647b,True
same_process_same_seed,call_1,call_2,fct_engagement.csv,17a7e46e485bfcc884a66f3457203bec3aae36310802a886e4b621ee5fb6fafc,17a7e46e485bfcc884a66f3457203bec3aae36310802a886e4b621ee5fb6fafc,True
same_process_same_seed,call_1,call_2,fct_revenue.csv,c3f6befa53cd627c8cd1f8bbadb8f63efeb01dff780d229900104738125798fe,c3f6befa53cd627c8cd1f8bbadb8f63efeb01dff780d229900104738125798fe,True
same_process_same_seed,call_1,call_2,fct_support_tickets.csv,50d3fef51c6bc49f3c95ac7e6d1cba44d384d9235067af616c6e5ef4c8dc2464,50d3fef51c6bc49f3c95ac7e6d1cba44d384d9235067af616c6e5ef4c8dc2464,True
cross_process_same_cwd,subprocess_1,subprocess_2,dim_company.csv,159ac136bd7c5afff19061ad7db5f7b10d28ea2126dcd33643e8ab34b686c647,159ac136bd7c5afff19061ad7db5f7b10d28ea2126dcd33643e8ab34b686c647,True
cross_process_same_cwd,subprocess_1,subprocess_2,dim_date.csv,10f2a3658840432594e0062daf0f206f70a6409882d56819874d6c9dfe6b1ccc,10f2a3658840432594e0062daf0f206f70a6409882d56819874d6c9dfe6b1ccc,True
cross_process_same_cwd,subprocess_1,subprocess_2,dim_plan.csv,8d34fbe18dc6d465caf5dffc2d7b0dc523f838450055ddad9d9610f624316674,8d34fbe18dc6d465caf5dffc2d7b0dc523f838450055ddad9d9610f624316674,True
cross_process_same_cwd,subprocess_1,subprocess_2,dim_user.csv,864bb8c52a2d4fadf99f1bd8605e5a8b7495d4490385e3992fb59bf8f45d639a,864bb8c52a2d4fadf99f1bd8605e5a8b7495d4490385e3992fb59bf8f45d639a,True
cross_process_same_cwd,subprocess_1,subprocess_2,evt_churn.csv,5246927b8f02e2ed4f8ba6e889427982fa03dd029a529afff6878d8be6a48882,5246927b8f02e2ed4f8ba6e889427982fa03dd029a529afff6878d8be6a48882,True
cross_process_same_cwd,subprocess_1,subprocess_2,evt_login.csv,15d373c9bb4307bcbb737b9099d7b84e974d16bad9cfa5b2f42ec5650ae5647b,15d373c9bb4307bcbb737b9099d7b84e974d16bad9cfa5b2f42ec5650ae5647b,True
cross_process_same_cwd,subprocess_1,subprocess_2,fct_engagement.csv,17a7e46e485bfcc884a66f3457203bec3aae36310802a886e4b621ee5fb6fafc,17a7e46e485bfcc884a66f3457203bec3aae36310802a886e4b621ee5fb6fafc,True
cross_process_same_cwd,subprocess_1,subprocess_2,fct_revenue.csv,c3f6befa53cd627c8cd1f8bbadb8f63efeb01dff780d229900104738125798fe,c3f6befa53cd627c8cd1f8bbadb8f63efeb01dff780d229900104738125798fe,True
cross_process_same_cwd,subprocess_1,subprocess_2,fct_support_tickets.csv,50d3fef51c6bc49f3c95ac7e6d1cba44d384d9235067af616c6e5ef4c8dc2464,50d3fef51c6bc49f3c95ac7e6d1cba44d384d9235067af616c6e5ef4c8dc2464,True
cross_process_different_cwd,tmp_a,tmp_b,dim_company.csv,159ac136bd7c5afff19061ad7db5f7b10d28ea2126dcd33643e8ab34b686c647,159ac136bd7c5afff19061ad7db5f7b10d28ea2126dcd33643e8ab34b686c647,True
cross_process_different_cwd,tmp_a,tmp_b,dim_date.csv,10f2a3658840432594e0062daf0f206f70a6409882d56819874d6c9dfe6b1ccc,10f2a3658840432594e0062daf0f206f70a6409882d56819874d6c9dfe6b1ccc,True
cross_process_different_cwd,tmp_a,tmp_b,dim_plan.csv,8d34fbe18dc6d465caf5dffc2d7b0dc523f838450055ddad9d9610f624316674,8d34fbe18dc6d465caf5dffc2d7b0dc523f838450055ddad9d9610f624316674,True
cross_process_different_cwd,tmp_a,tmp_b,dim_user.csv,864bb8c52a2d4fadf99f1bd8605e5a8b7495d4490385e3992fb59bf8f45d639a,864bb8c52a2d4fadf99f1bd8605e5a8b7495d4490385e3992fb59bf8f45d639a,True
cross_process_different_cwd,tmp_a,tmp_b,evt_churn.csv,5246927b8f02e2ed4f8ba6e889427982fa03dd029a529afff6878d8be6a48882,5246927b8f02e2ed4f8ba6e889427982fa03dd029a529afff6878d8be6a48882,True
cross_process_different_cwd,tmp_a,tmp_b,evt_login.csv,15d373c9bb4307bcbb737b9099d7b84e974d16bad9cfa5b2f42ec5650ae5647b,15d373c9bb4307bcbb737b9099d7b84e974d16bad9cfa5b2f42ec5650ae5647b,True
cross_process_different_cwd,tmp_a,tmp_b,fct_engagement.csv,17a7e46e485bfcc884a66f3457203bec3aae36310802a886e4b621ee5fb6fafc,17a7e46e485bfcc884a66f3457203bec3aae36310802a886e4b621ee5fb6fafc,True
cross_process_different_cwd,tmp_a,tmp_b,fct_revenue.csv,c3f6befa53cd627c8cd1f8bbadb8f63efeb01dff780d229900104738125798fe,c3f6befa53cd627c8cd1f8bbadb8f63efeb01dff780d229900104738125798fe,True
cross_process_different_cwd,tmp_a,tmp_b,fct_support_tickets.csv,50d3fef51c6bc49f3c95ac7e6d1cba44d384d9235067af616c6e5ef4c8dc2464,50d3fef51c6bc49f3c95ac7e6d1cba44d384d9235067af616c6e5ef4c8dc2464,True
seed_changed,seed=42,seed=999,dim_company.csv,159ac136bd7c5afff19061ad7db5f7b10d28ea2126dcd33643e8ab34b686c647,641faffc0040de413bb09fa32025b35e98d6935c4b070f2aaf572835993cbd45,False
seed_changed,seed=42,seed=999,dim_date.csv,10f2a3658840432594e0062daf0f206f70a6409882d56819874d6c9dfe6b1ccc,10f2a3658840432594e0062daf0f206f70a6409882d56819874d6c9dfe6b1ccc,True
seed_changed,seed=42,seed=999,dim_plan.csv,8d34fbe18dc6d465caf5dffc2d7b0dc523f838450055ddad9d9610f624316674,8d34fbe18dc6d465caf5dffc2d7b0dc523f838450055ddad9d9610f624316674,True
seed_changed,seed=42,seed=999,dim_user.csv,864bb8c52a2d4fadf99f1bd8605e5a8b7495d4490385e3992fb59bf8f45d639a,0278e7d2df2d23f4cfc18f0e78f5e287eb0df92c2cda04aa32041ba7999f8bad,False
seed_changed,seed=42,seed=999,evt_churn.csv,5246927b8f02e2ed4f8ba6e889427982fa03dd029a529afff6878d8be6a48882,ef5b104d9e961e7d7315f23ec5c553c622888beea4ca9c8ed7f395f540321d95,False
seed_changed,seed=42,seed=999,evt_login.csv,15d373c9bb4307bcbb737b9099d7b84e974d16bad9cfa5b2f42ec5650ae5647b,fbcde735f266b52575ea0c12ac3069687a9bab1d5d70df6d87bfa8b323d08fc9,False
seed_changed,seed=42,seed=999,fct_engagement.csv,17a7e46e485bfcc884a66f3457203bec3aae36310802a886e4b621ee5fb6fafc,bfcaff541d47aedafd043b3ac5ba09085cd9c65678ade56e4f54ed43b363e924,False
seed_changed,seed=42,seed=999,fct_revenue.csv,c3f6befa53cd627c8cd1f8bbadb8f63efeb01dff780d229900104738125798fe,f6c852f6c920034010583c6a9cda0b845a8e42668e64ca59124073eb54de4b29,False
seed_changed,seed=42,seed=999,fct_support_tickets.csv,50d3fef51c6bc49f3c95ac7e6d1cba44d384d9235067af616c6e5ef4c8dc2464,3ccf38e45b17da2a91fa8d1699e67b1e74efbafab6a79a8db67130317efc9b30,False
python_version,current,(not tested),(n/a),,,False
numpy_version,current,(not tested),(n/a),,,False
operating_system,current,(not tested),(n/a),,,False
